书名,链接,国家,作?翻译?出版?出版时间,价格,星级,评分,评价人数,简?,,,
红楼?https://book.douban.com/subject/1007305/,?曹雪芹著, 人民文学出版?, 人民文学出版?,1996,59.7,5,9.6,401660,都云作者痴，谁解其中味?,,
活着,https://book.douban.com/subject/4913064/,?余华 , , 作家出版?,2012,20,4.5,9.4,775385,生的苦难与伟?,
1984,https://book.douban.com/subject/4820710/,?乔治·奥威? 刘绍?, 北京十月文艺出版?,2010,28,4.5,9.4,266038,栗树荫下，我出卖你，你出卖我,,
百年孤独,https://book.douban.com/subject/6082808/,哥伦比亚,加西亚·马尔克? 范晔 , 南海出版公司 ,2011,39.5,4.5,9.3,402946,魔幻现实主义文学代表?,
三体全集,https://book.douban.com/subject/6518605/,?刘慈?, , 重庆出版?,2012,168,5,9.5,166082,地球往事三部曲,
哈利·波特,https://book.douban.com/subject/24531956/,?J.K.罗琳 (J.K.Rowling) , , 人民文学出版?,2008,498,5,9.7,91606,?¾站台开始的旅程,
?https://book.douban.com/subject/1068920/,美国,玛格丽特·米切? 李美?, 译林出版?,2000,40,4.5,9.3,203942,革命时期的爱情，随风而?,,
房思琪的初恋乐?https://book.douban.com/subject/27614904/,?林奕?, , 北京联合出版公司 ,2018,45,4.5,9.2,353004,向死而生的文学绝?,,
动物农场,https://book.douban.com/subject/2035179/,?乔治·奥威? 荣如?, 上海译文出版?,2007,10,4.5,9.3,148504,太阳底下并无新事,,
三国演义（全二册?https://book.douban.com/subject/1019568/,?罗贯? 人民文学出版?, 人民文学出版?,1998,39.5,4.5,9.3,159658,是非成败转头?,,,
白夜?https://book.douban.com/subject/10554308/,?东野圭吾, 刘姿?, 南海出版公司 ,2013,39.5,4.5,9.2,440323,一宗离奇命案牵出跨度近20年步步惊心的故事,,
小王?https://book.douban.com/subject/1084336/,?圣埃克苏佩里, 马振?, 人民文学出版?,2003,22,4.5,9.1,728616,献给长成了大人的孩子?,,
安徒生童话故事集,https://book.douban.com/subject/1046209/,?（丹麦）安徒?, , 人民文学出版?,1997,25,4.5,9.3,124881,为了争取未来的一?,
撒哈拉的故事,https://book.douban.com/subject/1060068/,?三毛 , , 哈尔滨出版社 ,2003,15.8,4.5,9.2,159658,游荡的自由灵?,
天龙八部,https://book.douban.com/subject/1255625/,?金庸 , , 生活·读书·新知三联书店 ,1994,96,4.5,9.2,127814,有情皆孽，无人不?,
呐喊,https://book.douban.com/subject/1449351/,?鲁迅 , , 人民文学出版?,1973,0.36,4.5,9.2,149388,新文学的第一声呐?,
杀死一只知更鸟,https://book.douban.com/subject/6781808/,?哈珀·? 高红?, 译林出版?,2012,32,4.5,9.2,135750,有一种东西不能遵循从众原则，那就是——人的良?,,
明朝那些事儿?-9?https://book.douban.com/subject/3674537/,?当年明月 , , 中国海关出版?,2009,358.2,4.5,9.2,157848,不拘一格的历史书写,,
失踪的孩?https://book.douban.com/subject/30172069/,?埃莱娜·费兰特, 陈英 , 人民文学出版?,2018,62,4.5,9.2,72464,我的整个生命，只是一场为了提升社会地位的低俗斗争?,,
悉达?https://book.douban.com/subject/26980487/,?赫尔曼·黑? 姜乙 , 天津人民出版?,2017,32,4.5,9.3,69586,?,,,
新名字的故事,https://book.douban.com/subject/26986954/,?埃莱娜·费兰特, 陈英 , 人民文学出版?,2017,59,4.5,9.2,82950,探索青年时代的激情、困惑、挣扎、背叛和失去,
沉默的大多数,https://book.douban.com/subject/1054685/,?王小?, , 中国青年出版?,1997,27,4.5,9.1,143838,沉默是沉默者的通行?,
邓小平时?https://book.douban.com/subject/20424526/,?【美】傅高义 (Ezra.F.Vogel) , , 生活·读书·新知三联书店 ,2013,88,4.5,9.3,61415,个人命运背后的历史变局,,
局外人,https://book.douban.com/subject/4908885/,?阿尔贝·加? 柳鸣?, 上海译文出版?,2010,22,4.5,9.1,220964,人生在世，永远也不该演戏作假,,
中国历代政治得失,https://book.douban.com/subject/1003479/,?钱穆 , , 生活·读书·新知三联书店 ,2001,12,4.5,9.2,66471,一部简明的“中国政治制度史?,
野草,https://book.douban.com/subject/1915958/,?鲁迅 , , 人民文学出版?,1973,0.2,5,9.5,42159,我以这一丛野草，在明与暗，生与死，过去与未来之际，献于友与仇，人与兽，爱者与不爱者之前作证?,
人类简?https://book.douban.com/subject/25985021/,以色?尤瓦尔·赫拉利, 林俊?, 中信出版?,2014,68,4.5,9.1,189356,跟着人类一同走过十万年,,
乡土中国,https://book.douban.com/subject/1795079/,?费孝?, , 上海人民出版?,2006,38,4.5,9.3,79821,中国乡土社会传统文化和社会结构理论研究代表作,
围城,https://book.douban.com/subject/1008145/,?钱锺?, , 人民文学出版?,1991,19,4.5,9,436632,幽默的语言和对生活深刻的观?,
平凡的世界（全三部）,https://book.douban.com/subject/1200840/,?路遥 , , 人民文学出版?,2005,64,4.5,9,312977,中国当代城乡生活全景,
笑傲江湖（全四册?https://book.douban.com/subject/1002299/,?金庸 , , 生活·读书·新知三联书店 ,1994,76.8,4.5,9.1,107546,欲练此功，必先自?,,
白鹿?https://book.douban.com/subject/10564071/,?陈忠?, , 人民文学出版?,2012,39,4.5,9.2,97165,一轴关于我们民族灵魂的现实主义画卷,,
肖申克的救赎,https://book.douban.com/subject/1829226/,?斯蒂芬·金, 施寄?, 人民文学出版?,2006,29.9,4.5,9.1,116067,豆瓣电影Top1原著,
我与地坛,https://book.douban.com/subject/1209899/,?史铁?, , 春风文艺出版?,2002,25,4.5,9.2,96455,这是你的罪孽与福?,
东方快车谋杀?https://book.douban.com/subject/1827374/,?阿加莎·克里斯? 陈尧?, 人民文学出版?,2006,18,4.5,9.1,132078,谋杀诡计惊人，波洛的抉择耐人寻味,,,
彷徨,https://book.douban.com/subject/1449348/,?鲁迅 , , 人民文学出版?,1973,0.37,4.5,9.3,59355,路漫漫其修远兮，吾将上下而求?,
霍乱时期的爱?https://book.douban.com/subject/10594787/,哥伦比亚,加西亚·马尔克? 杨玲 , 南海出版公司 ,2012,39.5,4.5,9,269522,义无反顾地直达爱情的核心,,
基督山伯?https://book.douban.com/subject/1085860/,法国,大仲? 周克?, 上海译文出版?,1991,43.9,4.5,9.1,124716,一个报恩复仇的故事，以法国波旁王朝和七月王朝为背景,,
江城,https://book.douban.com/subject/7060185/,?彼得·海斯? 李雪?, 上海译文出版?,2012,36,4.5,9.1,58173,外国人眼中的涪陵,,
献给阿尔吉侬的花?https://book.douban.com/subject/26362836/,?丹尼尔·凯? 陈澄?, 广西师范大学出版?,2015,36,4.5,9.1,89634,当声称能改造智能的科学实验选中心智障碍主角,,,
罗杰疑案,https://book.douban.com/subject/21371175/,?阿加莎·克里斯? 常禾 , 新星出版?,2013,28,4.5,9.2,61835,?,,
城南旧事,https://book.douban.com/subject/1254588/,?林海??, , 中国青年出版?,2003,16,4.5,9.1,147054,长亭外，古道边，芳草碧连?,
许三观卖血?https://book.douban.com/subject/4760224/,?余华 , , 作家出版?,2012,24,4.5,9.2,137219,?,,
万历十五?https://book.douban.com/subject/1041482/,?黄仁? 生活·读书·新知三联书店 , 生活·读书·新知三联书店 ,1997,18,4.5,9,191849,见微知著，历史观的颠?,,,
月亮和六便士,https://book.douban.com/subject/1858513/,?毛姆, 傅惟?, 上海译文出版?,2006,15,4.5,9,199121,有多少人会经历顿悟，就有更少的人甘愿自我放?,
艺术的故?https://book.douban.com/subject/3162991/,?贡布里希(SirE.H.Gombrich), 范景?, 广西美术出版?,2008,280,5,9.5,24494,从最早的洞窟绘画到当今的实验艺术,,
故事新编,https://book.douban.com/subject/2046909/,?鲁迅 , , 人民文学出版?,1973,0.31,4.5,9.4,38005,拾取古代传说，取一点因由，随意点染,
朝花夕拾,https://book.douban.com/subject/1449352/,?鲁迅 , , 人民文学出版?,1973,0.25,4.5,9,143850,在纷扰中寻出一点闲?,
卡拉马佐夫兄?https://book.douban.com/subject/1856494/,?费奥多尔·陀思妥耶夫斯基, 荣如?, 上海译文出版?,2006,25,5,9.5,27251,错综复杂的社会、家庭矛盾和人性悲?,,
射雕英雄?https://book.douban.com/subject/1044547/,?金庸 , , 生活·读书·新知三联书店 ,1999,47,4.5,9.1,81543,侠之大者，为国为民,,
追风筝的?https://book.douban.com/subject/1770782/,?卡勒德·胡赛尼, 李继?, 上海人民出版?,2006,29,4.5,8.9,773899,为你，千千万万遍,,
刀?https://book.douban.com/subject/2035162/,?毛姆, 周煦?, 上海译文出版?,2007,18,4.5,9,85331,一把刀的锋刃不容易越过；因此智者说得救之道是困难的,,
寻路中国,https://book.douban.com/subject/5414391/,?彼得·海斯? 李雪?, 上海译文出版?,2011,33,4.5,9,54027,《纽约客》驻北京记者驾车漫游中国大陆的经历,,
厌女,https://book.douban.com/subject/25836270/,?上野千鹤?, , 上海三联书店 ,2015,28,4.5,9.1,69094,?,
树上的男?https://book.douban.com/subject/6789605/,意大?伊塔洛·卡尔维? 吴正?, 译林出版?,2012,30,4.5,9.1,51899,是不是真的只有先与人疏离，才能最终与他们在一起？,,,
无人生还,https://book.douban.com/subject/3006581/,?阿加莎・克里斯蒂, 祁阿?, 人民文学出版?,2008,19,4.5,9,139384,童谣杀人案,
格林童话全集,https://book.douban.com/subject/1043008/,德国,格林兄弟, 魏以?, 人民文学出版?,1994,21.45,4.5,9,91331,一本有教育意义的书
嫌疑人X的献?https://book.douban.com/subject/3211779/,?东野圭吾, 刘子?, 南海出版公司 ,2008,28,4.5,8.9,504580,数学好是一种极致的浪漫,,
中国少年儿童百科全书（全四册?https://book.douban.com/subject/1028409/,?林崇?主编 , , 浙江教育出版?,1991,168,4.5,9.4,16732,?,,
置身事内,https://book.douban.com/subject/35546622/,?兰小?, , 上海人民出版?,2021,65,4.5,9.1,60903,?,
秋园,https://book.douban.com/subject/34998019/,?杨本?, , 北京联合出版公司 ,2020,38,4.5,9,78121,?,
鼠疫,https://book.douban.com/subject/24257229/,?阿尔贝·加? 刘方 , 上海译文出版?,2013,34,4.5,9.1,69103,用别样的监禁生活再现某种监禁生活，与用不存在的事表现真事同等合理,,
傲慢与偏?https://book.douban.com/subject/1083428/,?奥斯? 张玲 , 人民文学出版?,1993,13,4.5,8.9,226261,所有现代言情小说的母体,,,
黄金时代,https://book.douban.com/subject/1089243/,?王小?, , 花城出版?,1999,19,4.5,8.9,160640,我想爱，想吃，还想在一瞬间变成天上半明半暗的云,
始于极限,https://book.douban.com/subject/35966120/,?上野千鹤? 曹逸冰 , 新星出版?,2022,59,4.5,9.1,50476,?,,
史记（全十册?https://book.douban.com/subject/1077847/,?司马?, , 中华书局 ,1982,125,5,9.5,23496,史家之绝唱，无韵之离?,,
悲惨世界（上中下?https://book.douban.com/subject/1205054/,?雨果, 李丹 , 人民文学出版?,1992,66,4.5,9,61625,现实主义与浪漫主义的至高杰作,,
西游记（全二册）,https://book.douban.com/subject/1029553/,?吴承?, , 人民文学出版?,2004,47.2,4.5,9,82132,神魔皆有人情，精魅亦通世?,
诗经,https://book.douban.com/subject/1883245/,?孔丘 编订 , , 北京出版?,2006,19.9,5,9.5,27019,思无?,
台北?https://book.douban.com/subject/5337248/,?白先?, , 广西师范大学出版?,2010,38,4.5,9,66076,白先勇短篇小说集,,
历史深处的忧?https://book.douban.com/subject/1027191/,?林达 , , 生活·读书·新知三联书店 ,1997,19,4.5,9,44317,窥见美国社会的一扇窗,,
永恒的终?https://book.douban.com/subject/25829693/,?艾萨克·阿西莫? 崔正?, 江苏凤凰文艺出版?,2014,32,4.5,9.1,42592,关于时间旅行的终极奥秘和恢宏构想,,,
神雕侠侣,https://book.douban.com/subject/1255624/,?金庸 , , 生活·读书·新知三联书店 ,1994,76.8,4.5,8.9,97672,至情至性，情大于武,
上帝掷骰子吗,https://book.douban.com/subject/1467022/,?曹天?, , 辽宁教育出版?,2006,32,4.5,9.2,33123,量子物理史话,
孽子,https://book.douban.com/subject/5337254/,?白先?, , 广西师范大学出版?,2010,46,4.5,9.2,41317,写给那一群， 在最深最深的黑夜里， 独自彷徨街头?无所依归的孩子们,
文学回忆?https://book.douban.com/subject/20440644/,?木心 口述 , , 广西师范大学出版?,2013,98,4.5,9.1,42608,木心留给世界的礼?,,
哭泣的骆?https://book.douban.com/subject/1029111/,?三毛 , , 哈尔滨出版社 ,2003,15.8,4.5,9,55725,沙漠中寻常的生与?,,
一个叫欧维的男人决定去?https://book.douban.com/subject/26672693/,瑞典,弗雷德里克·巴克曼, 宁蒙 , 四川文艺出版?,2015,35,4.5,9.1,61140,这个发生在瑞典的故事，如生命庆典般绚丽斑?,
灿烂千阳,https://book.douban.com/subject/2143732/,?卡勒德·胡赛尼, 李继?, 上海人民出版?,2007,28,4.5,8.9,117136,唯有希望与爱可以驱散阴霾,
美丽新世?https://book.douban.com/subject/27002046/,?【英】奥尔德斯·赫胥黎 , , 上海译文出版?,2017,45,4.5,9.2,47869,?,,
唐诗三百?https://book.douban.com/subject/1013267/,?蘅塘退?, , 中华书局 ,1984,0.65,4.5,9.4,25022,熟读唐诗三百首，不会吟诗也会?,,
人间词话,https://book.douban.com/subject/1203426/,?王国?, , 上海古籍出版?,1998,9.8,4.5,9,53214,以新眼光评旧文学,
最好的告别,https://book.douban.com/subject/26576861/,?阿图·葛文德（AtulGawande? 王一?主编 , 浙江人民出版?,2015,54.9,4.5,9,46776,关于衰老与死亡，你必须知道的常?,,
窗边的小豆豆,https://book.douban.com/subject/1007914/,?黑柳彻子? 赵玉?, 南海出版公司 ,2003,20,4.5,8.8,202835,真正懂孩子的教育?,,
刘擎西方现代思想讲义,https://book.douban.com/subject/35313227/,?刘擎 , , 新星出版?,2021,79,4.5,9.2,30081,?,
美的历程,https://book.douban.com/subject/3410718/,?李泽?, , 生活·读书·新知三联书店 ,2009,43,4.5,9.2,29638,中国美学经典之作,
可能性的艺术,https://book.douban.com/subject/35819419/,?刘瑜 , , 广西师范大学出版?,2022,82,4.5,9.1,31012,?,
呼兰河传,https://book.douban.com/subject/1060852/,?萧红 , , 百花文艺出版?,2005,19,4.5,8.9,79864,萧红的童年往?,
四世同堂,https://book.douban.com/subject/3183775/,?老舍 , , 北京十月文艺出版?,2008,36,4.5,9.4,35473,北平沦陷时代广大平民的悲惨遭?,
道德?https://book.douban.com/subject/1059258/,?黄元?, , 陕西人民出版?,1996,4.5,5,9.5,19113,中国历史上首部完整的哲学著作,,
看见,https://book.douban.com/subject/20427187/,?柴静 , , 广西师范大学出版?,2013,39.8,4.5,8.8,329495,在这里看见中?,
冬牧?https://book.douban.com/subject/10522856/,?李娟 , , 新星出版?,2012,29.8,4.5,9.1,33659,阿勒泰的精灵,,
浪潮之巅,https://book.douban.com/subject/6709783/,?吴军 , , 电子工业出版?,2011,55,4.5,9,32656,了解IT领域的入门读?,
罪与?https://book.douban.com/subject/1858568/,?陀思妥耶夫斯基, 岳麟 , 上海译文出版?,2006,23,4.5,9.3,32212,描绘人内心的全部深度,,
离开的，留下?https://book.douban.com/subject/27104959/,?埃莱娜·费兰特, 陈英 , 人民文学出版?,2017,62,4.5,8.9,67303,探索中年的虚无、困惑、野心和近乎残暴的爱,,
爱你就像爱生?https://book.douban.com/subject/3071717/,?王小?, , 上海锦绣文章出版?,2008,18,4.5,8.8,111094,王小波与李银河的两地?,,
绝叫,https://book.douban.com/subject/35031587/,?叶真中显, 林佩?, 北京联合出版公司 ,2020,58,4.5,8.9,81267,?,
我们?https://book.douban.com/subject/1023045/,?杨绛 , , 生活·读书·新知三联书店 ,2003,18.8,4.5,8.8,300276,家庭生活回忆?,,
看不见的城市,https://book.douban.com/subject/10555509/,?伊塔洛·卡尔维? 张密 , 译林出版?,2012,25,4.5,9,33454,?,,
叫魂,https://book.douban.com/subject/10471333/,?孔飞? 陈兼 , 生活·读书·新知三联书店 上海三联书店 ,2012,38,4.5,9.1,28446,1768年中国妖术大恐慌,,
失明症漫?https://book.douban.com/subject/20428302/,?若泽·萨拉马戈, 范维?, 南海出版公司 ,2014,29.5,4.5,9.1,32563,失明症迅速蔓延，整个城市陷入一场空前的灾难,,
也许你该找个人聊?https://book.douban.com/subject/35481512/,?洛莉·戈特利布, 果麦文化,上海文化出版?,2021,68,4.5,9,40851,?,,
巨人的陨?https://book.douban.com/subject/26698660/,?肯·福莱特, 于大?, 江苏凤凰文艺出版?,2016,129.8,4.5,8.9,82671,五个家族，一场战?,,
海子的诗,https://book.douban.com/subject/1011754/,?海子 , , 人民文学出版?,1999,15.4,4.5,9,44365,?,
棋王·树王·孩子?https://book.douban.com/subject/26734559/,?阿城 , , 江苏凤凰文艺出版?,2016,58,4.5,9.3,24132,?,,
人生的枷?https://book.douban.com/subject/2035171/,?毛姆, 张柏?, 上海译文出版?,2007,32,4.5,9.1,29176,在混沌纷扰的生活漩流中，寻求人生的真?,,
教父,https://book.douban.com/subject/1092335/,?马里奥·普? 周汉?, 译林出版?,1997,23.3,4.5,9,39187,“教父三部曲”电影原?,,
斯通纳,https://book.douban.com/subject/26425831/,?约翰·威廉? 杨向?, 上海人民出版?,2016,49,4.5,8.9,59209,即使不能拥有完美的生活，所幸追求过完整的自?,,
飞鸟?https://book.douban.com/subject/1058661/,?罗宾德拉纳德·泰戈? 徐翰?, 哈尔滨出版社 ,2004,16.8,4.5,8.9,63717,一个淡泊清透的世界,,,
鹿鼎?https://book.douban.com/subject/1212893/,?金庸 , , 广州出版?花城出版?,2008,108,4.5,8.9,54183,武侠的解构，流氓的狂?,,
人生的智?https://book.douban.com/subject/3261600/,?(?叔本?, , 上海人民出版?,2008,28,4.5,9.2,30520,对世俗、实用问题深刻而透彻的讨?,,
桶川跟踪狂杀人事?https://book.douban.com/subject/35094680/,?清水? 王华?, 四川人民出版?,2021,45,4.5,9,40106,?,,,
毛泽东选集 第一?https://book.douban.com/subject/1139360/,?毛泽?, , 人民出版?,1991,40,5,9.6,24457,?,,
受戒,https://book.douban.com/subject/1760432/,?汪曾?, , 漓江出版?,1987,3.95,4.5,9.3,24345,江南乡镇民间生活，健康淳朴的人?,
陆犯焉识,https://book.douban.com/subject/6880158/,?严歌?, , 作家出版?,2011,35,4.5,8.9,55304,翻手为苍凉，覆手为繁?,
梦里花落知多?https://book.douban.com/subject/2070844/,?三毛 , , 北京十月文艺出版?,2007,28,4.5,8.8,95302,哀而不?,,
边城,https://book.douban.com/subject/1057244/,?沈从?, , 北岳文艺出版?,2002,12,4.5,8.7,222011,一切充满了善，然而到处是不凑?,
金色梦乡,https://book.douban.com/subject/5038409/,?伊坂幸太? 李彦?, 译林出版?,2010,35,4.5,9,28610,伊坂幸太郎代表作,,
时间简?https://book.douban.com/subject/1034282/,?史蒂芬·霍? 许明?, 湖南科学技术出版社 ,2010,45,4.5,8.9,60256,探索时间和空间的核心秘密,,,
这些人，那些?https://book.douban.com/subject/6388661/,?吴念?, , 译林出版?,2011,28,4.5,8.8,65537,平淡叙述下的惊心动魄,,
王尔德童?https://book.douban.com/subject/1119839/,?王尔? 王林 , 译林出版?,2003,6,4.5,9.1,22827,一颗纯美纯善、永难泯灭的童心,,,
十万个为什?https://book.douban.com/subject/2160556/,?? ,少年儿童出版?,2003,30,4.5,9.2,18254,?,,,
克莱因壶,https://book.douban.com/subject/33658616/,?冈岛二人, 张舟 , 化学工业出版?,2019,48,4.5,8.9,55741,?,
小径分岔的花?https://book.douban.com/subject/25796120/,阿根?豪·路·博尔赫斯, 王永?, 上海译文出版?,2015,23,4.5,8.9,40879,一个谜语，谜底正是时间,,
茶馆,https://book.douban.com/subject/1036613/,?老舍 , , 人民文学出版?,2002,9.8,4.5,9.1,29739,清末、民初、抗战胜利以后三个历史时期的北京生活风貌,
少年凯歌,https://book.douban.com/subject/1091203/,?? ,人民文学出版?,2002,10,4.5,9.4,14943,?,,
人间草木,https://book.douban.com/subject/1253310/,?汪曾?, , 江苏文艺出版?,2005,20,4.5,9.2,29332,我就是要这样香，香得痛痛快快,
你当像鸟飞往你的?https://book.douban.com/subject/33440205/,?塔拉·韦斯特弗 , , 南海出版公司 ,2019,59,4.5,8.7,168163,我来自一个极少有人能想象的家庭，教育给了我新世界,,
昨日的世?https://book.douban.com/subject/1062343/,?斯蒂芬·茨威格, 舒昌?, 广西师范大学出版?,2004,32,4.5,9.2,13989,一个高贵而残破的昨日镜像,,
遥远的向日葵?https://book.douban.com/subject/27184303/,?李娟 , , 花城出版?,2017,38,4.5,9.1,25447,?,,
故事,https://book.douban.com/subject/25976544/,?罗伯特·麦? 周铁?, 天津人民出版?,2014,68,4.5,9.2,17873,材质、结构、风格和银幕剧作的原?,,
面纱,https://book.douban.com/subject/26757680/,?威廉·萨默塞特·毛姆, 于大?, 江西人民出版?,2016,39.8,4.5,9,31351,?,
13 67,https://book.douban.com/subject/25897884/,?陳浩?, , 皇冠文化出版有限公司 ,2014, NT$350,4.5,9.1,18826,?,
经济学原理（上下?https://book.douban.com/subject/1028842/,?曼昆, 梁小?, 机械工业出版?,2003,88,4.5,9.1,21319,经济学家们的世界?,,
绿毛水?https://book.douban.com/subject/3518332/,?王小?, , 时代文艺出版?,2009,30,4.5,9.1,23362,我们好象在池塘的水底，从一个月亮走向另一个月?,,
一个陌生女人的来信,https://book.douban.com/subject/2154960/,?斯蒂芬·茨威格, 张玉?, 上海译文出版?,2007,20,4.5,8.7,140749,暗恋的极?,
海的女儿,https://book.douban.com/subject/1765512/,?安徒?, , 上海译文出版?,1978,0.43,4.5,9.1,22179,?,
國史大綱（上下）,https://book.douban.com/subject/1046492/,?錢穆 , , 商务印书?,2013,76,4.5,9.4,15518,钱穆中国通史,
鹿川有许多粪,https://book.douban.com/subject/35517022/,?李沧?, , 武汉大学出版?,2021,58,4.5,9,27000,?,
阿勒泰的角落,https://book.douban.com/subject/4881850/,?李娟 , , 万卷出版公司 ,2010,25,4.5,9.1,19694,白雪和阳光，青草和白桦林,
我的天才女友,https://book.douban.com/subject/26878124/,?埃莱娜·费兰特, 陈英 , 人民文学出版?,2017,42,4.5,8.7,103315,“那不勒斯四部曲”第一部，两个女人?0年的友谊和战?,
长日将尽,https://book.douban.com/subject/30142261/,?石黑一? 冯涛 , 上海译文出版?,2018,48,4.5,8.9,32170,?,,
一句顶一万句,https://book.douban.com/subject/3633461/,?刘震?, , 长江文艺出版?,2009,29.8,4.5,8.8,71051,一句胜过千?,
德米?https://book.douban.com/subject/3578470/,?赫尔曼·黑? 丁君?, 上海人民出版?,2009,25,4.5,8.9,33625,少年辛克莱寻找通向自身之路的艰辛历?,,,
万水千山走遍,https://book.douban.com/subject/1036490/,?三毛 , , 哈尔滨出版社 ,2003,13.8,4.5,8.9,44595,从遥远的撒哈拉到敦煌戈壁,
苏菲的世?https://book.douban.com/subject/2284311/,?乔斯坦·贾? 萧宝?, 作家出版?,2007,26,4.5,8.8,55533,哲学启蒙?,,,
全球通史(?,https://book.douban.com/subject/1922216/,?斯塔夫里阿诺? 吴象?, 北京大学出版?,2006,42,4.5,9.2,17460,?,,
爱的艺术,https://book.douban.com/subject/3026879/,?艾·弗洛姆, 李健?, 上海译文出版?,2008,15,4.5,8.8,45465,谦恭地、勇敢地、真诚地和有纪律地爱他人,
我不知道该说什么，关于死亡还是爱情,https://book.douban.com/subject/25884880/,白俄,S·A·阿列克谢耶维? 方祖?, 花城出版?,2014,34.8,4.5,9.1,19224,真实记录切尔诺贝利核灾难事件,
温柔的夜,https://book.douban.com/subject/2068249/,?三毛 , , 北京十月文艺出版?,2007,28,4.5,9.1,22584,三毛在加纳利群岛的生?,
史蒂夫·乔布斯?https://book.douban.com/subject/6798611/,?沃尔特·艾萨克? 管延?, 中信出版?,2011,68,4.5,8.7,58779,完美主义者的最高形?,,,
不能承受的生命之?https://book.douban.com/subject/4920007/,?米兰·昆德?, , 上海译文出版?,2010,29,4.5,8.8,44527,?,,
强风吹拂,https://book.douban.com/subject/26210487/,?三浦紫苑 , , 广西师范大学出版?,2015,39,4.5,9,23759,明明这么痛苦，这么难过，为什么就是不能放弃跑步？,
霸王别姬,https://book.douban.com/subject/1088711/,?李碧?, , 人民文学出版?,1999,10.2,4.5,9.1,21207,人间，只是抹去了脂粉的脸,
古文观止,https://book.douban.com/subject/1014561/,?吴楚?, , 中华书局 ,1987,21,4.5,9.1,18259,收录自先秦至明末的散文二百二十二?,
球状闪电,https://book.douban.com/subject/1192090/,?刘慈?, , 四川科学技术出版社 ,2005,22,4.5,8.7,82368,量子之外，没有真?,
亮剑,https://book.douban.com/subject/1088022/,?都梁 , , 解放军文艺出版社 ,2005,28,4.5,9,29168,面对强大的对手，明知不敌，也要毅然亮?,
一间只属于自己的房?https://book.douban.com/subject/34835082/,?弗吉尼亚·伍尔? 周颖?, 天津人民出版?,2019,45,4.5,9.2,18828,?,,,
草房?https://book.douban.com/subject/1052990/,?曹文?, , 江苏少年儿童出版?,2009,18,4.5,9,48160,男孩桑桑刻骨铭心、终身难忘的六年小学生活,,
我的阿勒?https://book.douban.com/subject/4884218/,?李娟 , , 云南人民出版?,2010,22,4.5,8.9,26031,描写疆北阿勒泰地区生活和风情的原生态散文集,,
2001：太空漫?https://book.douban.com/subject/30471298/,?阿瑟·克拉? 郝明?, 上海文艺出版?,2019,62,4.5,9.3,18884,?,,,
恶意,https://book.douban.com/subject/26877752/,?东野圭吾, 娄美?, 南海出版公司 ,2016,39.5,4.5,8.7,108325,?,
安娜·卡列尼娜,https://book.douban.com/subject/2253380/,?列夫·托尔斯泰, 草婴 , 上海文艺出版?,2007,37,4.5,9.2,25752,?,
社会心理?https://book.douban.com/subject/1476651/,?戴维·迈尔? 张智?, 人民邮电出版?,2006,68,4.5,9,25919,人们是如何思索、影响他人并与他人建立联系的,,,
我也有一个梦?https://book.douban.com/subject/1014825/,?林达 , , 生活·读书·新知三联书店 ,2004,25,4.5,9,15548,在法治国家里，民众怎样运用法律,,
海风中失落的血色馈?https://book.douban.com/subject/26357614/,加拿?阿利斯泰尔·麦克劳? 陈以?, 上海文艺出版?,2015,20,4.5,9,19031,男女之间、父母与子女之间紧密的纽带和难以逾越的鸿?,,,
倾城之恋,https://book.douban.com/subject/1985223/,?张爱?, , 北京十月文艺出版?,2006,29.8,4.5,8.7,50066,“一对平凡的夫妻”之间的“一点真心?,
麦琪的礼?https://book.douban.com/subject/1051193/,?欧·亨? 张经?, 上海社会科学院出版社 ,2003,25,4.5,8.7,73514,日常的奇?,,,
激荡三十年（上?https://book.douban.com/subject/1970428/,?吴晓?, , 中信出版?浙江人民出版?,2007,35,4.5,8.8,31046,这是一个最好的时代，也是一个最坏的时代,,
西线无战?https://book.douban.com/subject/35272817/,?埃里希·玛丽亚·雷马? 姜乙 , 上海文艺出版?,2021,49,5,9.5,14043,?,,,
半生?https://book.douban.com/subject/10757938/,?张爱?, , 北京十月文艺出版?,2012,29.6,4.5,9.1,27460,?,,
天朝的崩?https://book.douban.com/subject/1675478/,?茅海?, , 生活·读书·新知三联书店 ,2005,32,4.5,9.2,14444,鸦片战争再研?,,
万物有灵且美,https://book.douban.com/subject/4187411/,?吉米·哈利, 种衍?, 中国城市出版?,2010,28.8,4.5,8.9,22335,活泼的生命完全无须借助魔法，便能对我们述说至美至真的故?,
额尔古纳河右?https://book.douban.com/subject/3311253/,?迟子?, , 北京十月文艺出版?,2005,29,4.5,9,24120,东北少数民族鄂温克人生存现状及百年沧?,,
一桩事先张扬的凶杀?https://book.douban.com/subject/24382569/,哥伦比亚,加西亚·马尔克? 魏然 , 南海出版公司 ,2013,25,4.5,8.8,44770,我如此急切地想要讲述这桩案件，也许是它最终确定了我的作家生涯,,
孩子你慢慢来,https://book.douban.com/subject/4207781/,?龙应?, , 生活·读书·新知三联书店 ,2009,28,4.5,8.7,77804,我们现在怎样做母?,
冰与火之?https://book.douban.com/subject/25826936/,?乔治·马丁 , , 重庆出版?,2013,330,5,9.5,16869,乔治·R·R·马丁史诗奇幻小说,,
平面?https://book.douban.com/subject/35170896/,?埃德温·A·艾勃?, , 上海文化出版?,2020,39.8,4.5,9.2,14757,?,,
情书,https://book.douban.com/subject/1080370/,?岩井俊二, 穆晓?, 天津人民出版?,2004,18,4.5,8.6,104552,一场同名同姓的误会，两段可贵的爱情,
送你一颗子?https://book.douban.com/subject/4238362/,?刘瑜 , , 上海三联书店 ,2010,25,4.5,8.6,141447,在这本书里，被“审视”的东西杂七杂八,,
九州·缥缈?https://book.douban.com/subject/1321017/,?江南 , , 新世界出版社 ,2005,20,4.5,8.8,31050,乱世的英雄史?,,
浮生六记,https://book.douban.com/subject/1088581/,?（清）沈?, , 人民文学出版?,1999,38,4.5,8.7,67851,苟不记之笔墨，未免有辜彼苍之?,
天生有罪,https://book.douban.com/subject/30125030/,南非,特雷弗·诺? 董帅 , 北京联合出版公司 ,2018,58,4.5,9.1,17858,?,
理想?https://book.douban.com/subject/1004821/,古希?柏拉? 郭斌?, 商务印书?,1986,28,4.5,8.8,34658,人类历史上最早的乌托?,,,
罗生?https://book.douban.com/subject/3136271/,?芥川龙之? 林少?, 上海译文出版?,2008,12,4.5,8.7,67177,人生，远比地狱更像地?,,,
尼罗河上的惨?https://book.douban.com/subject/1818347/,?阿加莎·克里斯? 宫英?, 人民文学出版?,2006,22,4.5,8.7,47600,阿加莎·克里斯蒂代表作,,,
渴望生活,https://book.douban.com/subject/3054821/,?欧文·斯? 常涛 , 北京十月文艺出版?,2008,29.8,4.5,9.2,11476,梵高悲惨而成就辉煌的人生,,
从零开始的女性主?https://book.douban.com/subject/35523099/,日本,上野千鹤? 吕灵?, 北京联合出版公司 ,2021,52,4.5,8.7,57675,?,,
倚天屠龙?https://book.douban.com/subject/1070851/,?金庸 , , 生活·读书·新知三联书店 ,1999,47,4.5,8.7,59515,不识张郎是张?,,
野火?https://book.douban.com/subject/1426971/,?龙应?, , 文汇出版?,2005,25,4.5,8.8,34660,中国人，你为什么不生气,,
地下室手?https://book.douban.com/subject/34990839/,?(俄罗? 陀思妥耶夫斯基 , , 浙江文艺出版?,2020,39.8,4.5,9.3,16402,?,,
银河系漫游指?https://book.douban.com/subject/1394364/,?道格拉斯·亚当? 徐百?, 四川科学技术出版社 ,2005,16,4.5,8.8,21620,一场穿越银河的冒险,,,
荒原?https://book.douban.com/subject/3131626/,?赫尔曼·黑? 赵登?, 上海译文出版?,2008,13,4.5,9,21617,“超现实主义”风格作品，德国的《尤利西斯?,,,
最好的我们,https://book.douban.com/subject/24754316/,?八月长安 , , 湖南文艺出版?,2013,55,4.5,8.7,70473,耿耿余?,
一千零一?https://book.douban.com/subject/1035848/,?纳训 , , 人民文学出版?,2003,22,4.5,8.7,56992,阿拉伯地区的古代民间传说,,
雕刻时光,https://book.douban.com/subject/26435510/,?安德烈·塔可夫斯基, 张晓?, 南海出版公司 ,2016,45,5,9.5,7954,?,
你好，旧时光（上 下）,https://book.douban.com/subject/4166819/,?八月长安 , , 新世界出版社 ,2009,39.8,4.5,8.7,47712,原作名切?,
雨季不再?https://book.douban.com/subject/2136140/,?三毛 , , 北京十月文艺出版?,2007,28,4.5,8.7,53340,三毛少女时代的成长感?,,
雷雨,https://book.douban.com/subject/1013416/,?曹禺 , , 人民文学出版?,1999,9.2,4.5,8.7,76022,一幕人生大悲剧，在一个雷雨夜爆发,
你一生的故事,https://book.douban.com/subject/26295448/,?特德·? 李克?, 译林出版?,2015,36,4.5,8.8,34081,特德·姜科幻小说集,,
水浒传（全二册）,https://book.douban.com/subject/1008357/,?施耐庵, 人民文学出版?, 人民文学出版?,1997,50.6,4.5,8.7,74337,替天行道,
孙子兵法,https://book.douban.com/subject/1949420/,?孙武 , , 上海古籍出版?,2006,20,4.5,9.4,12649,我国最古老最杰出的一部兵?,
当呼吸化为空?https://book.douban.com/subject/26896859/,?保罗·卡拉尼什, 何雨?, 浙江文艺出版?,2016,48,4.5,8.9,27171,你在死亡中探究生命的意义，你见证生前的呼吸化作死后的空气,,
论语,https://book.douban.com/subject/1964774/,?刘胜?, , 中华书局 ,2006,9.8,4.5,9.1,22487,仁远乎哉？我欲仁，斯仁至?,
银河帝国：基地七部曲,https://book.douban.com/subject/26389895/,?艾萨克·阿西莫? 叶李?, 江苏凤凰文艺出版?,2015,328,5,9.5,13974,阿西莫夫经典科幻小说,,
庄子,https://book.douban.com/subject/2046236/,?孙通海 译注 , , 中华书局 ,2007,20,4.5,9.4,10991,野马也，尘埃也，生物之以息相吹也,
现代艺术150?https://book.douban.com/subject/26854318/,?威尔·贡培? 王烁 , 广西师范大学出版?,2017,65,4.5,9.1,13541,?,,,
枪炮、病菌与钢铁,https://book.douban.com/subject/1813841/,?贾雷德·戴蒙德, 谢延?, 上海译文出版?,2006,45,4.5,8.7,48534,人类社会的命?,
亲密关系（第6版）,https://book.douban.com/subject/26585065/,?罗兰·米勒(RowlandS.Miller), 王伟??, 人民邮电出版?,2015,138,4.5,9.3,21500,?,
象棋的故?https://book.douban.com/subject/2158684/,?斯蒂芬·茨威格, 张玉?, 上海译文出版?,2007,23,4.5,9.1,12371,纳粹法西斯对人心灵的折磨及摧?,,
解忧杂货?https://book.douban.com/subject/25862578/,?东野圭吾, 李盈?, 南海出版公司 ,2014,39.5,4.5,8.5,743220,现代人内心流失的东西，这家杂货店能帮你找?,,
二手时间,https://book.douban.com/subject/26704403/,白俄,S.A.阿列克谢耶维? 吕宁?, 中信出版?,2016,55,4.5,8.9,22837,用最为细小的马赛克拼出了一幅完整的后苏联时代图?,
亲爱的安德烈,https://book.douban.com/subject/3369793/,?龙应?, , 人民文学出版?,2008,26,4.5,8.6,119997,弭平代沟，跨越文化阻?,
东晋门阀政治,https://book.douban.com/subject/10758290/,?田余?, , 北京大学出版?,2012,49,5,9.5,10600,?,
火星救援,https://book.douban.com/subject/26586492/,?安迪•威? 陈灼 , 译林出版?,2015,38,4.5,8.9,18766,跟火星来一场不是你死就是我活的过家家游?,,
上学?https://book.douban.com/subject/1859140/,?何兆?口述 , , 生活·读书·新知三联书店 ,2006,19.8,4.5,8.9,13863,20世纪中国知识分子的心灵史,,
骆驼祥子,https://book.douban.com/subject/1043815/,?老舍 , , 人民文学出版?,2000,12,4.5,8.6,199070,旧中国老北京贫苦市民的典型命运,
目?https://book.douban.com/subject/3995526/,?龙应?, , 生活·读书·新知三联书店 ,2009,39,4.5,8.6,208842,不必?,,
檀香刑,https://book.douban.com/subject/26905337/,?莫言 , , 浙江文艺出版?,2017,56,4.5,9.2,23169,?,
顾城的诗,https://book.douban.com/subject/1033825/,?顾城 , , 人民文学出版?,1998,20,4.5,8.8,25404,火焰是我们诗歌唯一的读?,
会饮?https://book.douban.com/subject/21570668/,古希?柏拉? 王太?, 商务印书?,2013,12,4.5,9.3,10314,?,,,
总统是靠不住?https://book.douban.com/subject/1056315/,?林达 , , 生活·读书·新知三联书店 ,2004,21.8,4.5,8.8,20510,美国政治法律制度的基本原理和操作细节,,
流俗?https://book.douban.com/subject/35430425/,?【马来西亚】黎紫书 , , 北京十月文艺出版?,2021,55,4.5,9.2,12054,?,,
毛姆短篇小说精选集,https://book.douban.com/subject/10774752/,?威廉·萨默塞特·毛姆, 冯亦?, 译林出版?,2012,36,4.5,9.1,12114,在各种光怪陆离的场景中，迷失的人性引发了一连串的悲?,
众病之王,https://book.douban.com/subject/20507206/,?悉达多·穆克吉, 李虎 , 中信出版?,2013,42,4.5,9,12638,癌症?,
认识电影,https://book.douban.com/subject/2326403/,?路易斯·贾内梯, 焦雄?, 世界图书出版公司 ,2007,68,4.5,8.9,18044,电影入门经典之作,
规训与惩?https://book.douban.com/subject/1012307/,?米歇尔·福? 刘北?, 生活·读书·新知三联书店 ,2003,21.8,4.5,9.3,10032,伴随着惩罚的人性化，自由反而日益丧失了,,,
青铜时代,https://book.douban.com/subject/1085883/,?王小?, , 花城出版?,1997,29,4.5,8.8,26191,唐人传奇贯注现代情趣,
金锁?https://book.douban.com/subject/3017857/,?张爱?, , 哈尔滨出版社 ,2005,13.5,4.5,8.6,60744,一个小商人家庭出身的女子曹七巧的心灵变迁历?,,
荆棘?https://book.douban.com/subject/1086249/,?考琳·麦卡? 曾胡 , 译林出版?,1998,28,4.5,8.6,51465,澳洲乱世?,,,
筚路维艰,https://book.douban.com/subject/26171466/,?萧冬?, , 社会科学文献出版?,2014,45,5,9.6,9086,?,
黑箱,https://book.douban.com/subject/30484795/,?伊藤诗织, 匡匡 ,中信出版集团 ,2019,48,4.5,8.9,20943,?,
父权制与资本主义,https://book.douban.com/subject/34896921/,?上野千鹤? 邹韵 , 浙江大学出版?,2020,58,4.5,9.2,14765,?,,
不存在的骑士,https://book.douban.com/subject/6789551/,?伊塔洛·卡尔维? 吴正?, 译林出版?,2012,22,4.5,8.9,20372,?,,
从一到无穷大,https://book.douban.com/subject/1102715/,?G.伽莫? 暴永??, 科学出版?,2002,29,4.5,9.1,13491,科学中的事实和臆?,,
了不起的盖茨?https://book.douban.com/subject/10738023/,?斯科特·菲茨杰拉德, 邓若?, 南海出版公司 ,2012,25,4.5,8.7,51779,?,,
中国哲学简?https://book.douban.com/subject/1021273/,?冯友?, , 新世界出版社 ,2004,38,4.5,8.9,19497,中国哲学入门?,,
在细雨中呼喊,https://book.douban.com/subject/20421947/,?余华 , , 作家出版?,2012,25,4.5,8.8,55119,?,
显微镜下的大?https://book.douban.com/subject/30414743/,?马伯?, , 湖南文艺出版?,2019,52,4.5,8.7,35864,?,,
时间的秩?https://book.douban.com/subject/33424487/,?卡洛·罗韦? 杨光 , 湖南科学技术出版社 ,2019,56,4.5,8.9,20199,?,,,
哈姆莱特,https://book.douban.com/subject/1006197/,?莎士比亚, 朱生?, 人民文学出版?,2001,7,4.5,8.7,47852,生存还是毁灭，这是一个值得思考的问题,
夏洛的网,https://book.douban.com/subject/1036274/,?E.B.怀? 任溶?, 上海译文出版?,2004,17,4.5,8.6,68563,一个蜘蛛和小猪的故事，写给孩子，也写给大人,,
香水,https://book.douban.com/subject/3815125/,?帕·聚斯金? 李清?, 上海译文出版?,2009,25,4.5,8.8,21762,?,,
正见,https://book.douban.com/subject/1963912/,?宗萨蒋扬钦哲仁波?, , 中国友谊出版公司 ,2007,25,4.5,8.8,17064,佛陀的证?,
李光耀观天?https://book.douban.com/subject/26413154/,?李光耀 , , 北京大学出版?,2015,58,4.5,9.2,10665,?,,
步履不停,https://book.douban.com/subject/26963321/,?是枝裕和, 郑有?, 北京联合出版公司 ,2017,36.8,4.5,8.7,39538,人生路上，步履不停，总有那么一点来不及,
分成两半的子?https://book.douban.com/subject/10555486/,?伊塔洛·卡尔维? 吴正?, 译林出版?,2012,20,4.5,8.8,23135,?,,,
跨越边界的社区（修订版）,https://book.douban.com/subject/30116399/,?项飙 , , 生活·读书·新知三联书店 ,2018,68,5,9.5,8302,?,
此生未完?https://book.douban.com/subject/6397275/,?于娟 , , 湖南科学技术出版社 ,2011,26,4.5,8.8,22874,一个母亲、妻子、女儿的生命日记,,
